team_id,season,season_type,team_general_base_l,team_general_base_w,team_general_base_gp,team_general_base_pf,team_general_base_ast,team_general_base_blk,team_general_base_fga,team_general_base_fgm,team_general_base_fta,team_general_base_ftm,team_general_base_min,team_general_base_pfd,team_general_base_pts,team_general_base_reb,team_general_base_stl,team_general_base_tov,team_general_base_blka,team_general_base_dreb,team_general_base_fg3a,team_general_base_fg3m,team_general_base_oreb,team_general_base_w_pct,team_general_base_fg_pct,team_general_base_ft_pct,team_general_base_l_rank,team_general_base_w_rank,team_general_base_fg3_pct,team_general_base_gp_rank,team_general_base_pf_rank,team_general_base_ast_rank,team_general_base_blk_rank,team_general_base_fga_rank,team_general_base_fgm_rank,team_general_base_fta_rank,team_general_base_ftm_rank,team_general_base_min_rank,team_general_base_pfd_rank,team_general_base_pts_rank,team_general_base_reb_rank,team_general_base_stl_rank,team_general_base_tov_rank,team_general_base_blka_rank,team_general_base_dreb_rank,team_general_base_fg3a_rank,team_general_base_fg3m_rank,team_general_base_oreb_rank,team_general_base_plus_minus,team_general_base_w_pct_rank,team_general_base_fg_pct_rank,team_general_base_ft_pct_rank,team_general_base_fg3_pct_rank,team_general_base_plus_minus_rank,team_general_advanced_l,team_general_advanced_w,team_general_advanced_gp,team_general_advanced_min,team_general_advanced_pie,team_general_advanced_pace,team_general_advanced_poss,team_general_advanced_w_pct,team_general_advanced_ast_to,team_general_advanced_e_pace,team_general_advanced_l_rank,team_general_advanced_ts_pct,team_general_advanced_w_rank,team_general_advanced_ast_pct,team_general_advanced_efg_pct,team_general_advanced_gp_rank,team_general_advanced_reb_pct,team_general_advanced_dreb_pct,team_general_advanced_min_rank,team_general_advanced_oreb_pct,team_general_advanced_pie_rank,team_general_advanced_ast_ratio,team_general_advanced_pace_rank,team_general_advanced_def_rating,team_general_advanced_net_rating,team_general_advanced_off_rating,team_general_advanced_pace_per40,team_general_advanced_tm_tov_pct,team_general_advanced_w_pct_rank,team_general_advanced_ast_to_rank,team_general_advanced_ts_pct_rank,team_general_advanced_ast_pct_rank,team_general_advanced_e_def_rating,team_general_advanced_e_net_rating,team_general_advanced_e_off_rating,team_general_advanced_efg_pct_rank,team_general_advanced_reb_pct_rank,team_general_advanced_dreb_pct_rank,team_general_advanced_oreb_pct_rank,team_general_advanced_ast_ratio_rank,team_general_advanced_def_rating_rank,team_general_advanced_net_rating_rank,team_general_advanced_off_rating_rank,team_general_advanced_tm_tov_pct_rank,team_general_scoring_l,team_general_scoring_w,team_general_scoring_gp,team_general_scoring_min,team_general_scoring_w_pct,team_general_scoring_l_rank,team_general_scoring_w_rank,team_general_scoring_gp_rank,team_general_scoring_min_rank,team_general_scoring_pct_pts_fb,team_general_scoring_pct_pts_ft,team_general_scoring_w_pct_rank,team_general_scoring_pct_ast_2pm,team_general_scoring_pct_ast_3pm,team_general_scoring_pct_ast_fgm,team_general_scoring_pct_fga_2pt,team_general_scoring_pct_fga_3pt,team_general_scoring_pct_pts_2pt,team_general_scoring_pct_pts_3pt,team_general_scoring_pct_uast_2pm,team_general_scoring_pct_uast_3pm,team_general_scoring_pct_uast_fgm,team_general_scoring_pct_pts_paint,team_general_scoring_pct_pts_2pt_mr,team_general_scoring_pct_pts_fb_rank,team_general_scoring_pct_pts_ft_rank,team_general_scoring_pct_pts_off_tov,team_general_scoring_pct_ast_2pm_rank,team_general_scoring_pct_ast_3pm_rank,team_general_scoring_pct_ast_fgm_rank,team_general_scoring_pct_fga_2pt_rank,team_general_scoring_pct_fga_3pt_rank,team_general_scoring_pct_pts_2pt_rank,team_general_scoring_pct_pts_3pt_rank,team_general_scoring_pct_uast_2pm_rank,team_general_scoring_pct_uast_3pm_rank,team_general_scoring_pct_uast_fgm_rank,team_general_scoring_pct_pts_paint_rank,team_general_scoring_pct_pts_2pt_mr_rank,team_general_scoring_pct_pts_off_tov_rank,team_general_defense_l,team_general_defense_w,team_general_defense_gp,team_general_defense_blk,team_general_defense_min,team_general_defense_stl,team_general_defense_dreb,team_general_defense_w_pct,team_general_defense_l_rank,team_general_defense_w_rank,team_general_defense_gp_rank,team_general_defense_blk_rank,team_general_defense_dreb_pct,team_general_defense_min_rank,team_general_defense_stl_rank,team_general_defense_dreb_rank,team_general_defense_def_rating,team_general_defense_opp_pts_fb,team_general_defense_w_pct_rank,team_general_defense_dreb_pct_rank,team_general_defense_opp_pts_paint,team_general_defense_def_rating_rank,team_general_defense_opp_pts_fb_rank,team_general_defense_opp_pts_off_tov,team_general_defense_opp_pts_2nd_chance,team_general_defense_opp_pts_paint_rank,team_general_defense_opp_pts_off_tov_rank,team_general_defense_opp_pts_2nd_chance_rank,team_general_opponent_l,team_general_opponent_w,team_general_opponent_gp,team_general_opponent_min,team_general_opponent_w_pct,team_general_opponent_l_rank,team_general_opponent_opp_pf,team_general_opponent_w_rank,team_general_opponent_gp_rank,team_general_opponent_opp_ast,team_general_opponent_opp_blk,team_general_opponent_opp_fga,team_general_opponent_opp_fgm,team_general_opponent_opp_fta,team_general_opponent_opp_ftm,team_general_opponent_opp_pfd,team_general_opponent_opp_pts,team_general_opponent_opp_reb,team_general_opponent_opp_stl,team_general_opponent_opp_tov,team_general_opponent_min_rank,team_general_opponent_opp_blka,team_general_opponent_opp_dreb,team_general_opponent_opp_fg3a,team_general_opponent_opp_fg3m,team_general_opponent_opp_oreb,team_general_opponent_opp_fg_pct,team_general_opponent_opp_ft_pct,team_general_opponent_plus_minus,team_general_opponent_w_pct_rank,team_general_opponent_opp_fg3_pct,team_general_opponent_opp_pf_rank,team_general_opponent_opp_ast_rank,team_general_opponent_opp_blk_rank,team_general_opponent_opp_fga_rank,team_general_opponent_opp_fgm_rank,team_general_opponent_opp_fta_rank,team_general_opponent_opp_ftm_rank,team_general_opponent_opp_pfd_rank,team_general_opponent_opp_pts_rank,team_general_opponent_opp_reb_rank,team_general_opponent_opp_stl_rank,team_general_opponent_opp_tov_rank,team_general_opponent_opp_blka_rank,team_general_opponent_opp_dreb_rank,team_general_opponent_opp_fg3a_rank,team_general_opponent_opp_fg3m_rank,team_general_opponent_opp_oreb_rank,team_general_opponent_opp_fg_pct_rank,team_general_opponent_opp_ft_pct_rank,team_general_opponent_plus_minus_rank,team_general_opponent_opp_fg3_pct_rank,team_shooting_by_zone_base_corner_3_fga,team_shooting_by_zone_base_corner_3_fgm,team_shooting_by_zone_base_backcourt_fga,team_shooting_by_zone_base_backcourt_fgm,team_shooting_by_zone_base_mid-range_fga,team_shooting_by_zone_base_mid-range_fgm,team_shooting_by_zone_base_corner_3_fg_pct,team_shooting_by_zone_base_backcourt_fg_pct,team_shooting_by_zone_base_mid-range_fg_pct,team_shooting_by_zone_base_left_corner_3_fga,team_shooting_by_zone_base_left_corner_3_fgm,team_shooting_by_zone_base_right_corner_3_fga,team_shooting_by_zone_base_right_corner_3_fgm,team_shooting_by_zone_base_restricted_area_fga,team_shooting_by_zone_base_restricted_area_fgm,team_shooting_by_zone_base_left_corner_3_fg_pct,team_shooting_by_zone_base_above_the_break_3_fga,team_shooting_by_zone_base_above_the_break_3_fgm,team_shooting_by_zone_base_right_corner_3_fg_pct,team_shooting_by_zone_base_restricted_area_fg_pct,team_shooting_by_zone_base_above_the_break_3_fg_pct,team_shooting_by_zone_base_in_the_paint_(non-ra)_fga,team_shooting_by_zone_base_in_the_paint_(non-ra)_fgm,team_shooting_by_zone_base_in_the_paint_(non-ra)_fg_pct,team_shooting_5ft_range_base_40+_ft._fga,team_shooting_5ft_range_base_40+_ft._fgm,team_shooting_5ft_range_base_5-9_ft._fga,team_shooting_5ft_range_base_5-9_ft._fgm,team_shooting_5ft_range_base_10-14_ft._fga,team_shooting_5ft_range_base_10-14_ft._fgm,team_shooting_5ft_range_base_15-19_ft._fga,team_shooting_5ft_range_base_15-19_ft._fgm,team_shooting_5ft_range_base_20-24_ft._fga,team_shooting_5ft_range_base_20-24_ft._fgm,team_shooting_5ft_range_base_25-29_ft._fga,team_shooting_5ft_range_base_25-29_ft._fgm,team_shooting_5ft_range_base_30-34_ft._fga,team_shooting_5ft_range_base_30-34_ft._fgm,team_shooting_5ft_range_base_35-39_ft._fga,team_shooting_5ft_range_base_35-39_ft._fgm,team_shooting_5ft_range_base_40+_ft._fg_pct,team_shooting_5ft_range_base_5-9_ft._fg_pct,team_shooting_5ft_range_base_10-14_ft._fg_pct,team_shooting_5ft_range_base_15-19_ft._fg_pct,team_shooting_5ft_range_base_20-24_ft._fg_pct,team_shooting_5ft_range_base_25-29_ft._fg_pct,team_shooting_5ft_range_base_30-34_ft._fg_pct,team_shooting_5ft_range_base_35-39_ft._fg_pct,team_shooting_5ft_range_base_less_than_5_ft._fga,team_shooting_5ft_range_base_less_than_5_ft._fgm,team_shooting_5ft_range_base_less_than_5_ft._fg_pct
1,2025,regular,36,46,82,19.7,30.1,4.7,92.0,43.6,21.5,16.6,48.2,18.5,118.5,43.5,9.4,14.2,4.9,32.6,39.5,14.6,11.0,0.561,0.474,0.774,11,11,0.371,1,14,1,18,2,2,24,26,14,26,6,18,5,10,17,13,9,6,18,2.4,11,13,20,5,12,36,46,82,3951,0.51,102.5,8444,0.561,2.13,104.2,11,0.584,11,0.691,0.554,1,0.495,0.702,14,0.291,14,20.4,5,112.9,2.2,115.0,85.42,0.138,11,3,12,4,111.0,2.3,113.2,10,17,9,20,2,10,12,14,8,36,46,82,48.2,0.561,11,11,1,14,0.153,0.14,11,0.581,0.909,0.691,0.571,0.429,0.489,0.371,0.419,0.091,0.309,0.436,0.053,4,28,0.174,6,4,4,20,11,17,7,25,27,27,12,22,4,36,46,82,4.7,48.2,9.4,32.6,0.561,11,11,1,18,0.702,14,5,13,112.9,16.1,11,9,51.9,10,24,17.5,14.4,20,12,10,36,46,82,48.2,0.561,11,18.5,11,1,26.6,4.9,89.4,42.4,23.2,18.5,19.7,116.0,45.2,8.5,16.1,14,4.7,34.1,36.3,12.9,11.1,0.474,0.794,-2.4,11,0.355,5,15,17,18,18,14,15,17,18,21,16,5,18,25,11,13,11,18,24,12,12,10.7,4.2,0,0,7.3,3.1,0.39,1.0,0.427,5.0,1.9,5.7,2.3,26.5,17.5,0.382,28.8,10.5,0.397,0.661,0.364,18.7,8.3,0.445,0,0,11.4,5.0,7.1,3.4,3.5,1.5,17.1,6.6,22.9,8.2,0.5,0.1,0.0,0.0,1.0,0.443,0.47,0.44,0.388,0.359,0.263,0.0,29.5,18.7,0.634
2,2025,regular,26,56,82,19.0,24.6,5.0,90.2,42.1,18.7,15.1,48.1,18.4,114.9,46.4,7.1,12.4,4.1,33.9,42.1,15.5,12.5,0.683,0.467,0.807,4,4,0.367,1,9,27,11,9,14,30,29,26,27,19,3,28,1,3,7,4,3,7,7.7,4,16,7,8,4,26,56,82,3946,0.536,95.58,7850,0.683,1.99,97.7,4,0.583,4,0.585,0.553,1,0.525,0.71,26,0.336,4,18.0,30,111.7,8.3,120.0,79.65,0.129,4,9,13,30,109.7,7.1,116.8,11,3,6,5,22,4,4,2,3,26,56,82,48.1,0.683,4,4,1,26,0.103,0.131,4,0.463,0.794,0.585,0.533,0.467,0.465,0.404,0.537,0.206,0.415,0.386,0.079,30,29,0.138,30,28,30,27,4,25,4,1,3,1,28,7,26,26,56,82,5.0,48.1,7.1,33.9,0.683,4,4,1,11,0.71,26,28,7,111.7,13.8,4,6,40.1,4,5,14.6,14.1,1,1,6,26,56,82,48.1,0.683,4,18.4,4,1,24.7,4.1,86.8,38.4,21.2,16.4,19.0,107.2,41.2,6.2,12.4,26,5.0,30.4,39.1,14.0,10.9,0.442,0.775,-7.7,4,0.358,4,4,3,6,2,4,4,22,1,6,1,29,11,5,26,23,6,2,8,4,16,7.3,3.0,0,0,11.2,4.5,0.417,0.0,0.408,4.0,1.7,3.4,1.4,19.0,13.5,0.426,34.8,12.4,0.406,0.714,0.356,18.0,8.6,0.479,0,0,10.2,4.5,8.4,4.2,6.5,2.6,11.5,4.6,29.6,10.5,1.9,0.6,0.1,0.1,0.0,0.436,0.5,0.403,0.396,0.354,0.335,0.429,21.9,15.1,0.689
3,2025,regular,62,20,82,21.1,25.0,4.3,84.5,37.5,23.0,17.9,48.2,19.5,105.9,39.3,8.0,15.8,5.3,29.0,38.4,13.1,10.3,0.244,0.443,0.78,28,28,0.34,1,26,26,23,28,30,18,18,14,21,30,30,22,29,23,30,11,18,24,-10.0,28,30,16,30,28,62,20,82,3951,0.436,97.6,8028,0.244,1.59,99.6,28,0.559,28,0.668,0.52,1,0.478,0.687,14,0.287,29,18.3,26,118.2,-10.0,108.2,81.34,0.161,28,29,30,8,116.0,-10.2,105.8,30,27,22,21,20,25,29,30,29,62,20,82,48.2,0.244,28,28,1,14,0.116,0.169,28,0.548,0.891,0.668,0.545,0.455,0.46,0.371,0.452,0.109,0.332,0.417,0.043,26,8,0.155,13,7,8,25,6,27,8,18,24,23,21,26,16,62,20,82,4.3,48.2,8.0,29.0,0.244,28,28,1,23,0.687,14,22,30,118.2,17.4,28,22,53.1,25,28,19.5,14.4,24,26,11,62,20,82,48.2,0.244,28,19.5,28,1,27.5,5.3,84.7,42.2,24.6,19.1,21.1,115.9,43.6,9.1,14.5,14,4.3,33.4,32.9,12.5,10.2,0.497,0.775,10.0,28,0.381,9,19,23,1,17,24,22,5,17,14,27,16,23,22,1,6,2,30,9,28,30,9.6,3.5,0,0,6.1,2.3,0.37,0.0,0.371,4.8,1.9,4.8,1.7,24.8,16.0,0.389,28.8,9.5,0.35,0.646,0.331,15.1,6.0,0.4,0,0,9.4,3.7,4.6,1.9,2.5,0.9,16.8,6.2,22.4,7.2,0.4,0.1,0.1,0.0,0.0,0.396,0.42,0.371,0.366,0.321,0.207,0.2,28.4,17.4,0.615
4,2025,regular,38,44,82,19.1,26.3,4.5,88.9,40.9,21.7,17.8,48.2,19.8,116.0,46.1,7.0,15.4,4.4,33.3,43.3,16.4,12.8,0.537,0.46,0.818,16,16,0.378,1,10,15,21,21,24,23,20,14,18,13,5,29,25,9,8,2,1,5,4.8,16,25,2,3,8,38,44,82,3951,0.516,97.6,8034,0.537,1.71,99.9,16,0.589,16,0.643,0.552,1,0.539,0.722,14,0.358,10,18.6,26,113.5,4.9,118.4,81.34,0.157,16,23,10,14,111.9,2.9,114.7,12,2,2,2,16,11,8,5,28,38,44,82,48.2,0.537,16,16,1,14,0.114,0.153,16,0.518,0.832,0.643,0.513,0.487,0.423,0.424,0.482,0.168,0.357,0.39,0.033,27,22,0.134,18,20,14,29,2,30,1,13,11,17,27,29,28,38,44,82,4.5,48.2,7.0,33.3,0.537,16,16,1,21,0.722,14,29,8,113.5,15.3,16,2,49.5,11,15,18.0,13.6,12,15,3,38,44,82,48.2,0.537,16,19.8,16,1,25.9,4.4,87.9,41.0,20.4,16.3,19.1,111.2,39.3,8.2,12.7,14,4.5,29.1,35.7,12.8,10.2,0.467,0.801,-4.8,16,0.359,13,9,9,10,8,1,2,21,7,1,12,28,21,2,8,12,3,10,28,8,18,9.9,4.2,0,0,5.3,1.9,0.428,0.667,0.363,5.3,2.2,4.6,2.0,23.2,15.3,0.414,33.3,12.1,0.444,0.659,0.363,17.1,7.4,0.43,0,0,11.1,4.8,5.6,2.3,2.4,0.9,13.5,5.6,28.5,10.5,1.7,0.4,0.2,0.0,0.667,0.431,0.409,0.386,0.414,0.369,0.22,0.25,26.0,16.4,0.631
5,2025,regular,51,31,82,19.0,28.5,5.0,90.5,42.4,22.2,17.3,48.2,18.8,116.3,45.0,7.6,15.3,5.6,34.7,40.1,14.3,10.4,0.378,0.469,0.776,22,22,0.356,1,8,7,11,6,13,22,23,14,24,12,9,23,23,26,2,6,9,23,-5.2,22,14,18,19,22,51,31,82,3951,0.48,103.22,8506,0.378,1.86,105.0,22,0.58,22,0.672,0.547,1,0.496,0.708,14,0.279,21,19.5,3,117.4,-5.3,112.1,86.01,0.148,22,13,16,7,115.1,-4.6,110.5,14,16,7,26,8,22,23,25,21,51,31,82,48.2,0.378,22,22,1,14,0.15,0.148,22,0.553,0.906,0.672,0.557,0.443,0.484,0.368,0.447,0.094,0.328,0.456,0.028,7,24,0.132,12,6,7,23,8,21,9,19,25,24,7,30,29,51,31,82,5.0,48.2,7.6,34.7,0.378,22,22,1,11,0.708,14,23,2,117.4,15.8,22,7,54.1,22,21,18.5,16.1,27,21,27,51,31,82,48.2,0.378,22,18.8,22,1,28.8,5.6,93.7,44.8,23.0,17.8,19.0,121.5,45.7,9.1,13.0,14,5.0,34.4,38.2,14.1,11.3,0.478,0.774,5.2,22,0.368,7,28,26,29,27,12,11,23,28,23,26,27,11,26,21,25,16,22,7,22,23,10.6,4.0,0,0,4.1,1.6,0.374,1.0,0.405,5.6,2.0,5.0,2.0,31.9,20.1,0.346,29.5,10.3,0.404,0.632,0.349,14.5,6.4,0.441,0,0,10.1,4.3,3.4,1.7,1.5,0.5,15.4,5.6,25.0,8.9,0.5,0.1,0.0,0.0,0.5,0.429,0.505,0.355,0.363,0.354,0.2,0.0,34.5,21.2,0.615
6,2025,regular,30,52,82,19.6,28.3,5.0,90.0,43.3,23.9,18.5,48.2,20.5,119.5,44.4,8.5,14.0,4.3,32.7,39.8,14.3,11.7,0.634,0.482,0.776,8,8,0.36,1,12,8,13,12,6,14,15,14,7,4,11,16,9,6,12,7,8,12,4.1,8,8,19,13,9,30,52,82,3951,0.522,100.7,8286,0.634,2.02,102.6,8,0.595,8,0.653,0.561,1,0.502,0.692,14,0.307,9,19.7,13,114.1,4.1,118.3,83.91,0.138,8,7,6,11,111.9,4.4,116.3,5,10,18,9,6,15,9,6,9,30,52,82,48.2,0.634,8,8,1,14,0.12,0.155,8,0.574,0.814,0.653,0.558,0.442,0.486,0.359,0.426,0.186,0.347,0.435,0.051,23,20,0.154,7,25,11,22,9,20,12,24,6,20,14,23,17,30,52,82,5.0,48.2,8.5,32.7,0.634,8,8,1,13,0.692,14,16,12,114.1,15.5,8,18,45.6,15,17,17.7,14.4,5,13,11,30,52,82,48.2,0.634,8,20.5,8,1,26.9,4.3,89.1,41.3,23.4,18.6,19.6,115.4,43.2,8.6,15.0,14,5.0,31.9,38.1,14.2,11.3,0.464,0.794,-4.1,8,0.372,24,16,6,16,11,15,18,19,15,12,17,10,13,11,20,26,14,8,25,9,26,9.6,3.6,0,0,6.7,3.0,0.374,0.0,0.452,4.8,1.9,4.8,1.6,25.9,17.6,0.402,30.2,10.7,0.345,0.679,0.355,17.6,8.4,0.478,0,0,11.3,5.5,6.6,3.2,2.8,1.1,15.3,5.9,24.8,8.5,0.7,0.3,0.1,0.0,0.0,0.487,0.489,0.396,0.383,0.344,0.4,0.167,28.5,18.9,0.661
7,2025,regular,56,26,82,18.4,25.3,5.2,89.8,41.9,25.8,19.5,48.4,21.0,114.1,44.7,7.5,14.5,5.3,34.2,31.9,11.0,10.5,0.317,0.466,0.755,23,23,0.344,1,2,22,10,14,17,5,10,4,5,23,10,24,18,21,6,27,29,22,-5.5,23,19,28,26,23,56,26,82,3971,0.477,102.63,8484,0.317,1.74,104.2,23,0.564,23,0.604,0.527,1,0.492,0.702,4,0.279,23,17.7,4,115.5,-5.2,110.3,85.53,0.141,23,22,28,22,113.9,-5.4,108.5,28,18,10,27,24,19,22,27,13,56,26,82,48.4,0.317,23,23,1,4,0.156,0.17,23,0.503,0.888,0.604,0.645,0.355,0.541,0.288,0.497,0.112,0.396,0.463,0.079,2,7,0.14,21,8,22,4,27,5,28,10,23,9,4,8,25,56,26,82,5.2,48.4,7.5,34.2,0.317,23,23,1,10,0.702,4,24,6,115.5,16.1,23,10,56.2,19,23,17.2,15.1,30,11,18,56,26,82,48.4,0.317,23,21.0,23,1,28.4,5.3,93.8,44.8,22.3,17.2,18.4,119.6,46.8,8.8,13.4,4,5.2,34.8,36.5,12.8,12.0,0.478,0.77,5.5,23,0.35,26,27,21,30,27,9,7,29,23,28,20,24,10,28,15,10,25,21,3,23,6,9.6,3.6,0,0,11.5,4.5,0.371,0.0,0.39,5.1,1.8,4.5,1.8,25.9,17.0,0.346,22.3,7.4,0.4,0.656,0.332,20.5,9.4,0.459,0,0,12.5,5.8,8.5,3.7,5.6,2.2,16.2,5.9,17.4,5.6,0.4,0.1,0.1,0.0,0.0,0.465,0.438,0.389,0.366,0.323,0.214,0.0,29.3,18.5,0.632
8,2025,regular,28,54,82,19.1,29.0,4.0,87.8,43.5,25.8,20.8,48.6,21.5,122.1,44.0,6.8,12.9,4.6,34.2,35.8,14.2,9.8,0.659,0.496,0.808,5,5,0.396,1,11,4,28,26,3,4,2,1,3,1,14,30,3,13,5,20,11,26,5.1,5,2,5,1,7,28,54,82,3986,0.529,99.49,8259,0.659,2.25,100.8,5,0.616,5,0.665,0.577,1,0.511,0.717,1,0.286,7,20.3,20,116.0,5.2,121.2,82.91,0.128,5,1,1,9,114.7,4.7,119.4,1,8,3,22,3,21,7,1,2,28,54,82,48.6,0.659,5,5,1,1,0.125,0.171,5,0.586,0.829,0.665,0.592,0.408,0.481,0.348,0.414,0.171,0.335,0.406,0.075,19,6,0.114,4,21,9,14,17,22,16,27,10,22,25,12,30,28,54,82,4.0,48.6,6.8,34.2,0.659,5,5,1,28,0.717,1,30,5,116.0,15.5,5,3,50.2,21,17,17.0,13.7,14,10,5,28,54,82,48.6,0.659,5,21.5,5,1,27.5,4.6,91.2,42.7,23.1,17.8,19.1,116.9,42.8,7.8,11.8,1,4.0,31.6,39.1,13.6,11.2,0.468,0.771,-5.1,5,0.349,28,19,13,25,21,13,12,20,21,9,7,30,28,9,26,18,13,13,4,7,3,9.5,4.2,0,0,10.2,4.6,0.442,1.0,0.451,4.8,2.2,4.7,2.0,23.6,16.1,0.458,26.2,9.9,0.425,0.683,0.378,18.2,8.7,0.477,0,0,10.9,5.2,7.2,3.5,5.2,2.4,14.4,6.3,22.3,8.2,0.5,0.1,0.1,0.0,0.75,0.48,0.48,0.459,0.437,0.369,0.324,0.4,27.3,17.8,0.651
9,2025,regular,22,60,82,22.0,27.8,6.4,89.5,43.4,26.1,19.9,48.3,21.3,117.8,45.6,10.4,15.1,5.8,32.5,30.9,11.0,13.1,0.732,0.485,0.763,3,3,0.356,1,30,11,1,16,5,3,7,8,4,8,8,1,21,29,14,29,28,3,8.2,3,3,27,17,3,22,60,82,3961,0.552,99.88,8231,0.732,1.84,102.3,3,0.583,3,0.641,0.546,1,0.524,0.689,8,0.354,2,19.1,19,108.9,8.4,117.3,83.23,0.151,3,16,14,16,106.6,7.6,114.3,15,4,20,3,13,2,2,9,23,22,60,82,48.3,0.732,3,3,1,8,0.153,0.169,3,0.565,0.863,0.641,0.655,0.345,0.55,0.28,0.435,0.137,0.359,0.492,0.059,3,9,0.182,10,12,16,2,29,2,29,21,19,15,2,20,2,22,60,82,6.4,48.3,10.4,32.5,0.732,3,3,1,1,0.689,8,1,14,108.9,13.4,3,20,43.7,2,4,17.0,15.0,4,9,17,22,60,82,48.3,0.732,3,21.3,3,1,23.5,5.8,85.2,37.8,27.2,21.4,22.0,109.6,40.5,8.9,16.9,8,6.4,29.3,36.8,12.7,11.3,0.443,0.788,-8.2,3,0.345,27,1,29,2,1,30,30,1,3,3,23,1,1,3,16,9,15,3,18,3,1,9.2,3.4,0,0,8.2,3.5,0.373,1.0,0.421,4.2,1.5,5.0,2.0,30.4,20.5,0.35,21.7,7.6,0.392,0.673,0.349,20.0,8.5,0.424,0,0,12.1,4.9,6.5,2.7,3.6,1.3,12.0,4.5,19.2,6.6,0.4,0.1,0.0,0.0,1.0,0.403,0.423,0.377,0.381,0.342,0.357,0.0,35.9,23.2,0.647
10,2025,regular,45,37,82,19.6,28.9,4.2,88.8,40.9,21.1,17.0,48.3,18.6,114.6,42.3,9.7,15.7,4.2,31.0,44.1,15.7,11.4,0.451,0.461,0.807,20,20,0.356,1,13,6,26,22,24,27,24,8,25,22,21,2,27,5,25,1,2,15,-0.6,20,24,6,20,20,45,37,82,3961,0.495,100.05,8255,0.451,1.85,101.7,20,0.584,20,0.706,0.549,1,0.49,0.684,8,0.302,19,20.0,18,114.4,-0.5,113.8,83.37,0.156,20,15,11,1,112.6,-0.6,112.0,13,24,24,13,4,16,20,19,26,45,37,82,48.3,0.451,20,20,1,8,0.105,0.149,20,0.593,0.886,0.706,0.503,0.497,0.441,0.411,0.407,0.114,0.294,0.392,0.048,29,23,0.169,3,9,1,30,1,29,2,28,22,30,26,24,6,45,37,82,4.2,48.3,9.7,31.0,0.451,20,20,1,26,0.684,8,2,25,114.4,15.7,20,24,50.9,16,20,20.0,15.7,16,27,23,45,37,82,48.3,0.451,20,18.6,20,1,27.1,4.2,88.3,42.4,21.8,17.5,19.6,115.2,44.2,8.8,15.9,8,4.2,32.7,35.9,12.9,11.5,0.48,0.802,0.6,20,0.36,6,17,5,13,19,6,9,18,14,18,21,6,26,15,9,14,18,23,29,20,19,11.7,4.6,0,0,7.0,2.8,0.397,1.0,0.397,6.1,2.5,5.5,2.2,22.8,15.9,0.404,32.4,11.0,0.39,0.696,0.34,14.9,6.6,0.444,0,0,9.2,4.0,5.3,2.2,3.0,1.2,15.9,6.1,28.1,9.6,1.1,0.3,0.1,0.0,1.0,0.44,0.42,0.388,0.382,0.343,0.253,0.286,26.2,17.5,0.668
11,2025,regular,30,52,82,18.3,25.4,5.8,89.8,43.0,23.4,17.8,48.5,20.0,115.2,48.1,8.5,15.4,4.7,33.1,31.5,11.5,15.0,0.634,0.479,0.763,8,8,0.364,1,1,21,3,15,8,16,19,2,15,18,1,14,24,14,9,28,25,1,5.2,8,10,25,10,6,30,52,82,3981,0.533,96.98,8042,0.634,1.65,99.0,8,0.576,8,0.591,0.542,1,0.545,0.701,2,0.388,6,17.8,29,112.1,5.4,117.5,80.82,0.157,8,27,19,27,110.2,4.6,114.8,17,1,11,1,23,6,6,8,27,30,52,82,48.5,0.634,8,8,1,2,0.122,0.155,8,0.494,0.859,0.591,0.65,0.35,0.547,0.298,0.506,0.141,0.409,0.461,0.086,21,21,0.148,27,15,27,3,28,3,25,4,16,4,5,3,20,30,52,82,5.8,48.5,8.5,33.1,0.634,8,8,1,3,0.701,2,14,9,112.1,15.0,8,11,49.2,6,13,18.8,15.5,11,24,21,30,52,82,48.5,0.634,8,20.0,8,1,24.5,4.7,88.0,40.5,22.1,16.7,18.3,110.0,39.5,9.0,13.4,2,5.8,28.2,35.3,12.4,11.3,0.46,0.756,-5.2,8,0.351,16,3,14,11,7,8,5,30,4,2,25,23,3,1,7,5,17,6,2,6,7,9.5,3.5,0,0,12.1,4.9,0.374,0.5,0.407,4.3,1.5,5.2,2.0,24.5,16.3,0.361,21.9,7.9,0.384,0.664,0.36,21.7,10.3,0.475,0,0,11.5,5.3,11.7,5.2,6.5,2.8,12.8,4.8,19.0,6.8,0.7,0.2,0.1,0.0,0.5,0.463,0.442,0.429,0.375,0.36,0.241,0.0,27.6,17.9,0.648
12,2025,regular,63,19,82,20.9,27.7,4.6,89.1,40.8,22.5,17.4,48.2,19.9,112.4,41.9,7.4,14.5,4.8,32.1,37.6,13.4,9.8,0.232,0.458,0.776,29,29,0.356,1,23,12,19,19,27,21,22,14,17,27,25,27,17,16,16,16,17,25,-8.0,29,26,17,18,26,63,19,82,3951,0.465,101.78,8377,0.232,1.91,103.4,29,0.568,29,0.678,0.533,1,0.475,0.695,14,0.263,25,19.4,7,117.9,-7.8,110.1,84.81,0.142,29,11,25,5,115.7,-7.3,108.5,23,29,14,29,11,24,26,28,14,63,19,82,48.2,0.232,29,29,1,14,0.128,0.155,29,0.566,0.907,0.678,0.578,0.422,0.488,0.357,0.434,0.093,0.322,0.41,0.077,15,19,0.135,9,5,5,17,14,19,13,22,26,26,24,11,27,63,19,82,4.6,48.2,7.4,32.1,0.232,29,29,1,19,0.695,14,27,16,117.9,14.6,29,14,55.7,24,10,18.2,15.1,29,20,19,63,19,82,48.2,0.232,29,19.9,29,1,26.4,4.8,90.5,44.3,25.6,19.8,20.9,120.4,46.7,8.1,13.5,14,4.6,35.4,34.1,12.1,11.2,0.489,0.773,8.0,29,0.355,14,14,16,21,26,27,26,7,25,27,11,22,19,30,3,2,12,27,5,26,14,9.0,3.3,0,0,10.8,4.4,0.371,0.0,0.405,4.0,1.4,4.9,1.9,24.1,15.7,0.355,28.6,10.0,0.385,0.651,0.351,16.6,7.4,0.444,0,0,9.9,4.3,8.0,3.7,5.4,2.0,13.2,4.9,24.5,8.6,1.0,0.4,0.1,0.0,0.0,0.43,0.462,0.376,0.372,0.35,0.346,0.0,26.9,17.0,0.63
13,2025,regular,40,42,82,18.9,23.7,4.9,83.6,40.5,24.7,20.3,48.2,20.1,113.8,40.6,9.0,14.3,4.6,31.0,33.8,12.4,9.6,0.512,0.484,0.823,18,18,0.368,1,6,30,14,30,29,12,4,12,14,24,29,7,14,12,24,23,21,27,1.1,18,4,1,7,16,40,42,82,3956,0.508,97.29,8019,0.512,1.66,99.1,18,0.602,18,0.586,0.559,1,0.49,0.681,12,0.284,15,17.7,28,115.2,1.1,116.3,81.07,0.147,18,26,3,29,112.8,1.8,114.6,8,23,25,25,25,18,16,11,18,40,42,82,48.2,0.512,18,18,1,12,0.121,0.179,18,0.496,0.789,0.586,0.596,0.404,0.494,0.328,0.504,0.211,0.414,0.434,0.06,22,2,0.163,25,29,29,12,19,14,20,6,2,2,15,19,9,40,42,82,4.9,48.2,9.0,31.0,0.512,18,18,1,14,0.681,12,7,24,115.2,14.8,18,25,48.7,18,12,18.2,15.0,10,18,15,40,42,82,48.2,0.512,18,20.1,18,1,26.1,4.6,87.5,41.0,21.7,17.3,18.9,112.6,42.4,8.5,14.3,12,4.9,30.8,36.4,13.3,11.5,0.469,0.796,-1.1,18,0.364,17,11,12,7,9,5,8,25,10,7,15,19,14,7,13,16,19,14,26,16,22,8.6,3.6,0,0,8.2,3.4,0.416,0.0,0.414,4.5,2.0,4.1,1.6,22.5,15.9,0.442,25.2,8.8,0.387,0.706,0.351,19.1,8.8,0.462,0,0,10.7,4.7,7.8,3.7,4.0,1.6,12.3,4.8,21.7,7.7,0.7,0.2,0.1,0.0,0.5,0.438,0.477,0.394,0.393,0.354,0.321,0.5,26.4,17.8,0.673
14,2025,regular,29,53,82,18.5,25.9,4.3,83.7,42.0,26.8,20.4,48.1,21.0,116.3,41.0,8.5,14.5,3.5,31.5,32.9,11.8,9.4,0.646,0.502,0.763,6,6,0.359,1,3,17,22,29,16,2,3,29,6,11,27,14,15,1,22,24,23,29,1.8,6,1,26,14,14,29,53,82,3941,0.513,99.22,8156,0.646,1.79,100.7,6,0.609,6,0.615,0.573,1,0.499,0.7,29,0.285,13,18.7,22,115.5,1.5,117.0,82.68,0.146,6,18,2,19,113.3,2.4,115.7,2,12,12,24,15,20,14,10,17,29,53,82,48.1,0.646,6,6,1,29,0.128,0.175,6,0.569,0.735,0.615,0.606,0.394,0.519,0.305,0.431,0.265,0.385,0.447,0.072,17,3,0.16,8,30,19,9,22,7,23,23,1,12,10,14,11,29,53,82,4.3,48.1,8.5,31.5,0.646,6,6,1,22,0.7,29,14,22,115.5,14.8,6,12,51.5,20,11,18.1,14.7,19,17,13,29,53,82,48.1,0.646,6,21.0,6,1,27.4,3.5,88.1,42.5,21.2,16.8,18.5,114.6,41.0,8.9,14.6,29,4.3,30.1,36.4,12.8,10.9,0.483,0.792,-1.8,6,0.352,25,18,1,12,20,3,6,28,11,5,24,14,22,4,12,10,7,24,22,14,9,8.4,2.9,0,0,9.4,4.2,0.346,0.0,0.446,4.7,1.6,3.7,1.3,22.4,16.7,0.348,24.5,8.9,0.344,0.744,0.364,18.9,9.3,0.494,0,0,10.1,4.9,9.3,4.3,4.8,2.2,11.4,4.0,21.4,7.9,1.1,0.3,0.1,0.0,0.0,0.481,0.468,0.459,0.354,0.368,0.273,0.2,25.6,18.4,0.72
15,2025,regular,57,25,82,20.5,27.8,4.8,90.6,41.3,22.8,18.0,48.1,19.5,114.7,42.1,8.8,15.1,5.3,31.0,39.5,13.9,11.2,0.305,0.456,0.793,25,25,0.353,1,21,10,16,4,21,20,16,26,20,20,23,10,20,22,26,8,12,16,-6.0,25,27,9,22,24,57,25,82,3946,0.47,101.69,8365,0.305,1.85,104.1,25,0.57,25,0.673,0.533,1,0.478,0.663,26,0.301,24,19.2,8,118.4,-6.0,112.4,84.74,0.148,25,14,23,6,115.8,-6.1,109.7,24,28,30,15,12,27,24,23,20,57,25,82,48.1,0.305,25,25,1,26,0.131,0.157,25,0.583,0.851,0.673,0.564,0.436,0.478,0.365,0.417,0.149,0.327,0.424,0.054,13,17,0.157,5,17,6,21,10,23,11,26,14,25,18,21,13,57,25,82,4.8,48.1,8.8,31.0,0.305,25,25,1,16,0.663,26,10,26,118.4,15.2,25,30,53.9,27,14,19.0,18.1,26,25,30,57,25,82,48.1,0.305,25,19.5,25,1,28.2,5.3,91.0,44.1,23.8,18.5,20.5,120.7,46.8,8.8,15.5,26,4.8,34.0,38.6,14.0,12.7,0.485,0.775,6.0,25,0.364,11,26,22,22,25,18,16,10,26,29,22,8,16,24,23,24,29,25,10,24,21,9.5,3.5,0,0,7.6,3.1,0.365,1.0,0.403,5.3,1.8,4.2,1.7,22.9,14.8,0.336,30.0,10.5,0.401,0.646,0.349,20.6,9.5,0.463,0,0,12.6,5.9,8.0,3.5,3.3,1.3,16.5,6.0,23.9,8.2,0.4,0.1,0.1,0.0,1.0,0.467,0.44,0.399,0.365,0.344,0.3,0.143,25.9,16.3,0.628
16,2025,regular,39,43,82,18.9,29.0,4.3,93.3,43.7,25.0,19.8,48.1,20.3,120.9,46.3,8.6,13.7,4.9,34.5,37.9,13.7,11.8,0.524,0.468,0.792,17,17,0.361,1,5,5,24,1,1,10,9,30,10,2,4,13,7,17,4,15,15,10,2.3,17,15,11,11,13,39,43,82,3941,0.514,104.23,8562,0.524,2.12,106.1,17,0.58,17,0.663,0.542,1,0.499,0.703,30,0.296,12,19.5,1,113.6,2.1,115.8,86.86,0.131,17,4,17,10,111.5,2.4,113.9,18,13,8,19,9,14,13,12,4,39,43,82,48.1,0.524,17,17,1,30,0.152,0.164,17,0.544,0.923,0.663,0.594,0.406,0.496,0.34,0.456,0.077,0.337,0.452,0.044,5,12,0.162,14,2,10,13,18,13,19,17,29,21,8,25,10,39,43,82,4.3,48.1,8.6,34.5,0.524,17,17,1,24,0.703,30,13,4,113.6,14.6,17,8,52.0,14,9,16.4,15.2,21,5,20,39,43,82,48.1,0.524,17,20.3,17,1,27.5,4.9,93.0,43.3,22.4,18.0,18.9,118.5,46.4,7.9,15.0,30,4.3,34.8,39.0,14.0,11.6,0.465,0.804,-2.3,17,0.359,20,19,17,28,22,10,13,26,22,26,8,10,24,28,25,22,20,9,30,13,17,9.8,3.7,0,0,7.0,2.7,0.376,0.5,0.38,5.7,2.2,4.1,1.5,26.9,17.8,0.391,28.1,10.0,0.355,0.663,0.356,21.5,9.5,0.442,0,0,14.3,6.1,6.9,3.0,2.7,1.1,15.3,5.5,23.2,8.5,0.3,0.1,0.0,0.0,0.5,0.429,0.43,0.4,0.357,0.365,0.308,0.0,30.5,19.5,0.638
17,2025,regular,50,32,82,19.7,25.8,4.0,85.5,40.8,19.1,13.9,48.2,17.6,110.6,40.7,7.4,15.2,4.1,31.8,39.1,15.1,8.9,0.39,0.477,0.73,21,21,0.387,1,16,18,27,27,28,29,30,14,30,29,28,26,22,4,19,10,4,30,-6.2,21,12,30,2,25,50,32,82,3951,0.464,98.33,8087,0.39,1.7,99.9,21,0.589,21,0.633,0.565,1,0.482,0.695,14,0.263,26,18.9,23,118.3,-6.1,112.2,81.94,0.154,21,25,9,17,116.4,-6.0,110.4,3,26,15,30,14,26,25,24,25,50,32,82,48.2,0.39,21,21,1,14,0.107,0.126,21,0.494,0.868,0.633,0.543,0.457,0.464,0.41,0.506,0.132,0.367,0.379,0.086,28,30,0.141,26,11,17,26,5,26,3,5,20,14,30,4,24,50,32,82,4.0,48.2,7.4,31.8,0.39,21,21,1,27,0.695,14,26,19,118.3,15.5,21,15,45.7,26,19,18.6,14.3,6,22,8,50,32,82,48.2,0.39,21,17.6,21,1,27.9,4.1,87.8,41.5,24.1,18.9,19.7,116.8,44.5,8.7,13.1,14,4.0,33.4,39.5,14.8,11.1,0.473,0.785,6.2,21,0.375,1,23,4,9,13,20,19,15,20,19,18,25,27,21,28,29,9,17,16,25,28,11.4,4.9,0,0,11.2,4.7,0.43,0.0,0.422,6.1,2.6,5.3,2.2,21.8,15.3,0.432,27.7,10.2,0.427,0.701,0.37,13.4,5.7,0.422,0,0,7.8,3.4,7.0,3.1,6.0,2.4,16.0,6.8,24.2,8.8,0.5,0.1,0.1,0.0,0.0,0.433,0.445,0.402,0.425,0.365,0.306,0.25,24.1,16.1,0.67
18,2025,regular,33,49,82,21.2,26.1,5.8,88.5,42.6,25.3,19.0,48.2,20.5,118.0,44.1,8.7,14.8,4.1,33.0,37.2,13.8,11.1,0.598,0.481,0.752,10,10,0.37,1,28,16,2,23,10,7,13,11,8,7,13,12,19,2,10,17,14,17,3.4,10,9,29,6,10,33,49,82,3956,0.516,101.5,8372,0.598,1.76,103.2,10,0.592,10,0.612,0.559,1,0.499,0.691,11,0.302,11,18.3,10,112.5,3.1,115.6,84.59,0.145,10,21,7,21,110.2,4.0,114.1,6,11,19,14,19,8,10,13,16,33,49,82,48.2,0.598,10,10,1,11,0.135,0.161,10,0.511,0.824,0.612,0.58,0.42,0.489,0.35,0.489,0.176,0.388,0.427,0.063,12,14,0.155,19,23,21,15,16,16,14,12,8,10,17,16,15,33,49,82,5.8,48.2,8.7,33.0,0.598,10,10,1,2,0.691,11,12,10,112.5,14.5,10,19,51.2,8,8,17.9,15.0,18,14,15,33,49,82,48.2,0.598,10,20.5,10,1,26.0,4.1,89.7,41.4,25.3,19.8,21.2,114.6,43.7,8.3,15.0,11,5.8,32.0,34.0,12.1,11.8,0.462,0.781,-3.4,10,0.355,23,10,2,20,12,26,26,3,12,16,14,12,2,13,2,1,21,7,13,10,13,9.6,3.7,0,0,8.8,3.7,0.385,0.0,0.419,5.0,2.0,4.6,1.7,26.1,17.8,0.395,27.6,10.1,0.374,0.681,0.365,16.4,7.4,0.45,0,0,9.8,4.3,7.3,3.4,4.1,1.7,17.2,6.5,20.4,7.4,0.6,0.2,0.0,0.0,0.0,0.435,0.471,0.418,0.379,0.36,0.349,0.0,29.2,19.2,0.657
19,2025,regular,56,26,82,19.9,25.1,5.2,90.5,42.1,25.7,20.1,48.3,20.2,115.5,43.9,8.9,14.2,5.8,31.7,32.1,11.1,12.2,0.317,0.466,0.784,23,23,0.347,1,17,24,9,5,15,6,5,10,12,16,15,9,12,28,21,25,27,8,-4.5,23,20,14,24,21,56,26,82,3961,0.48,101.37,8363,0.317,1.77,103.2,23,0.568,23,0.596,0.527,1,0.491,0.674,10,0.311,22,17.6,11,117.6,-4.4,113.3,84.47,0.139,23,20,26,26,115.5,-4.2,111.4,27,20,28,8,28,23,21,20,10,56,26,82,48.3,0.317,23,23,1,10,0.147,0.174,23,0.509,0.836,0.596,0.645,0.355,0.536,0.289,0.491,0.164,0.404,0.5,0.037,8,4,0.156,20,19,26,5,26,6,27,11,12,5,1,28,14,56,26,82,5.2,48.3,8.9,31.7,0.317,23,23,1,9,0.674,10,9,21,117.6,16.7,23,28,53.1,23,26,18.7,16.6,25,23,28,56,26,82,48.3,0.317,23,20.2,23,1,28.1,5.8,91.7,43.8,23.6,18.3,19.9,120.0,45.8,8.0,14.5,10,5.2,33.1,40.5,14.2,12.7,0.477,0.774,4.5,23,0.35,18,25,28,26,23,17,14,13,24,25,10,17,9,18,29,27,28,20,6,21,5,7.6,3.0,0,0,6.3,2.1,0.39,0.0,0.341,3.9,1.6,3.7,1.4,34.8,22.2,0.399,24.5,8.2,0.382,0.639,0.333,17.3,6.7,0.384,0,0,10.0,3.6,5.6,2.2,3.0,1.1,11.6,4.2,20.6,6.9,0.9,0.4,0.1,0.0,0.0,0.361,0.386,0.348,0.365,0.334,0.414,0.333,38.7,23.8,0.615
20,2025,regular,29,53,82,20.0,27.4,3.9,89.4,42.7,21.3,16.8,48.2,19.5,116.5,45.6,8.1,13.6,4.3,32.9,38.2,14.2,12.7,0.646,0.478,0.792,6,6,0.373,1,19,13,29,17,9,25,25,14,21,10,7,19,6,7,11,12,10,6,6.3,6,11,10,4,5,29,53,82,3951,0.533,97.71,8046,0.646,2.01,99.4,6,0.59,6,0.643,0.557,1,0.522,0.715,14,0.328,5,19.4,25,112.3,6.4,118.7,81.43,0.139,6,8,8,15,110.2,6.6,116.8,9,5,4,7,10,7,5,4,11,29,53,82,48.2,0.646,6,6,1,14,0.13,0.145,6,0.534,0.86,0.643,0.572,0.428,0.488,0.367,0.466,0.14,0.357,0.411,0.078,14,25,0.153,16,14,15,19,12,18,10,15,17,16,23,9,18,29,53,82,3.9,48.2,8.1,32.9,0.646,6,6,1,29,0.715,14,19,11,112.3,14.0,6,4,43.4,7,6,16.6,13.1,3,6,1,29,53,82,48.2,0.646,6,19.5,6,1,25.0,4.3,85.5,39.3,22.7,17.6,20.0,110.1,40.5,7.3,14.4,14,3.9,30.5,38.4,13.9,10.0,0.46,0.778,-6.3,6,0.362,9,6,7,4,4,11,10,12,5,3,2,18,29,6,22,21,1,5,12,5,20,12.0,5.0,0,0,10.2,4.5,0.416,0.0,0.445,5.9,2.5,6.1,2.5,25.2,16.7,0.421,26.2,9.3,0.41,0.663,0.353,15.8,7.2,0.456,0,0,9.3,4.1,8.4,3.6,4.5,2.1,16.7,6.8,22.4,7.9,0.3,0.1,0.0,0.0,0.0,0.447,0.436,0.465,0.405,0.353,0.273,0.0,27.9,18.0,0.648
21,2025,regular,18,64,82,19.0,25.8,5.5,89.1,43.1,23.2,19.0,48.4,20.4,119.0,44.1,9.7,12.6,4.4,34.6,37.9,13.8,9.6,0.78,0.484,0.817,1,1,0.365,1,7,19,6,18,7,17,14,4,9,5,12,2,2,8,3,13,13,27,11.1,1,5,3,9,1,18,64,82,3971,0.562,100.37,8301,0.78,2.05,101.7,1,0.599,1,0.598,0.561,1,0.49,0.697,4,0.264,1,18.5,16,106.5,11.1,117.6,83.64,0.124,1,6,4,25,104.8,11.5,116.3,4,22,13,28,18,1,1,7,1,18,64,82,48.4,0.78,1,1,1,4,0.118,0.16,1,0.474,0.86,0.598,0.574,0.426,0.492,0.349,0.526,0.14,0.402,0.414,0.078,25,15,0.185,29,13,25,18,13,15,15,2,18,6,22,10,1,18,64,82,5.5,48.4,9.7,34.6,0.78,1,1,1,6,0.697,4,2,3,106.5,12.0,1,13,41.6,1,1,14.7,14.3,2,2,9,18,64,82,48.4,0.78,1,20.4,1,1,25.0,4.4,88.4,38.7,21.9,16.2,19.0,107.9,45.2,7.6,16.7,4,5.5,33.3,38.9,14.3,11.9,0.437,0.74,-11.1,1,0.369,22,5,8,14,3,7,1,24,2,20,4,2,6,20,24,28,24,1,1,1,25,9.2,3.5,0,0,9.6,4.6,0.382,0.0,0.482,5.5,2.0,3.8,1.5,24.9,17.1,0.364,28.7,10.3,0.409,0.686,0.359,16.7,7.5,0.451,0,0,8.8,3.8,9.0,4.8,4.6,2.1,14.4,5.5,24.0,8.6,0.5,0.2,0.0,0.0,0.0,0.43,0.526,0.468,0.379,0.361,0.324,0.0,27.9,18.2,0.652
22,2025,regular,37,45,82,21.0,26.5,4.7,88.3,41.0,27.5,22.0,48.4,21.9,115.7,43.4,8.5,14.2,5.4,32.4,34.1,11.7,11.0,0.549,0.464,0.801,13,13,0.343,1,25,14,17,25,22,1,1,6,2,15,19,16,10,24,15,22,24,20,0.6,13,21,8,27,17,37,45,82,3966,0.505,100.56,8310,0.549,1.87,102.6,13,0.576,13,0.647,0.531,1,0.505,0.71,6,0.306,16,18.6,14,113.6,0.6,114.2,83.8,0.14,13,12,18,12,111.6,0.1,111.7,25,9,5,12,17,13,17,18,12,37,45,82,48.4,0.549,13,13,1,6,0.136,0.19,13,0.564,0.856,0.647,0.614,0.386,0.506,0.304,0.436,0.144,0.353,0.441,0.065,11,1,0.16,11,16,12,7,24,11,24,20,15,19,11,15,12,37,45,82,4.7,48.4,8.5,32.4,0.549,13,13,1,17,0.71,6,16,15,113.6,15.8,13,5,50.9,13,22,16.9,13.1,16,8,2,37,45,82,48.4,0.549,13,21.9,13,1,25.3,5.4,87.7,41.7,25.0,19.6,21.0,115.1,43.3,8.2,14.9,6,4.7,32.9,34.3,12.1,10.5,0.476,0.781,-0.6,13,0.353,29,8,24,8,14,25,25,6,13,13,13,13,17,17,4,2,5,19,14,17,11,9.7,3.8,0,0,8.8,3.8,0.385,1.0,0.425,5.1,2.1,4.6,1.7,27.6,18.3,0.4,24.4,8.0,0.369,0.661,0.326,17.7,7.3,0.41,0,0,10.5,4.4,6.8,2.8,4.5,1.8,13.9,5.4,20.8,6.8,0.4,0.1,0.0,0.0,1.0,0.417,0.411,0.407,0.385,0.324,0.185,0.0,31.5,19.8,0.63
23,2025,regular,37,45,82,20.3,24.6,5.7,90.3,41.7,24.8,20.1,48.5,19.9,115.9,43.6,9.1,13.6,5.1,31.8,35.3,12.3,11.8,0.549,0.462,0.809,13,13,0.349,1,20,29,4,8,19,11,6,3,16,14,17,6,5,20,18,21,22,11,-0.2,13,23,4,23,18,37,45,82,3976,0.497,100.4,8315,0.549,1.81,102.3,13,0.572,13,0.589,0.53,1,0.491,0.678,3,0.306,17,17.4,15,114.4,-0.1,114.3,83.67,0.134,13,17,21,28,112.0,0.4,112.5,26,21,26,11,29,17,18,16,6,37,45,82,48.5,0.549,13,13,1,3,0.146,0.173,13,0.499,0.805,0.589,0.609,0.391,0.507,0.319,0.501,0.195,0.411,0.433,0.074,9,5,0.164,23,27,28,8,23,10,22,8,4,3,16,13,8,37,45,82,5.7,48.5,9.1,31.8,0.549,13,13,1,4,0.678,3,6,18,114.4,16.7,13,26,49.6,17,26,16.7,15.8,13,7,24,37,45,82,48.5,0.549,13,19.9,13,1,27.6,5.1,89.6,41.8,24.2,19.0,20.3,116.1,45.3,7.3,15.4,3,5.7,33.2,37.9,13.4,12.1,0.467,0.785,0.2,13,0.353,15,22,20,19,15,21,20,11,19,22,3,9,4,19,19,17,27,12,15,18,10,8.2,3.1,0,0,10.1,4.3,0.374,1.0,0.424,4.3,1.5,3.9,1.5,28.7,18.5,0.355,27.1,9.3,0.396,0.642,0.342,16.1,6.6,0.412,0,0,9.3,3.8,7.0,2.9,5.9,2.6,11.3,4.1,24.5,8.5,0.7,0.2,0.0,0.0,0.667,0.406,0.419,0.446,0.365,0.345,0.245,0.0,31.6,19.6,0.621
24,2025,regular,37,45,82,20.6,24.6,4.2,90.1,41.0,20.3,15.8,48.2,18.9,112.6,43.1,9.5,14.5,4.5,30.1,40.8,14.8,13.0,0.549,0.455,0.781,13,13,0.361,1,22,27,25,10,23,28,28,14,23,26,20,4,15,10,29,5,5,4,1.5,13,28,15,12,15,37,45,82,3951,0.495,98.14,8083,0.549,1.7,100.1,13,0.568,13,0.601,0.537,1,0.498,0.677,14,0.331,18,17.6,24,112.9,1.4,114.2,81.79,0.147,13,24,24,23,110.7,1.3,112.0,19,14,27,6,26,9,15,17,19,37,45,82,48.2,0.549,13,13,1,14,0.126,0.141,13,0.485,0.808,0.601,0.547,0.453,0.466,0.393,0.515,0.192,0.399,0.383,0.083,18,27,0.177,28,26,23,24,7,24,5,3,5,8,29,5,3,37,45,82,4.2,48.2,9.5,30.1,0.549,13,13,1,25,0.677,14,4,29,112.9,14.2,13,27,48.6,9,7,18.0,15.6,9,16,22,37,45,82,48.2,0.549,13,18.9,13,1,25.1,4.5,85.5,40.2,23.6,18.6,20.6,111.1,43.7,7.9,16.3,14,4.2,31.9,35.1,12.2,11.8,0.47,0.785,-1.5,13,0.347,8,7,10,3,6,16,17,9,6,15,9,3,25,10,6,4,22,15,17,15,2,9.2,3.6,0,0,11.0,4.7,0.394,0.5,0.424,5.1,2.0,4.1,1.6,21.1,14.0,0.388,31.6,11.1,0.401,0.664,0.352,17.2,7.6,0.441,0,0,9.5,4.0,9.3,4.2,5.6,2.5,13.3,5.2,26.9,9.5,1.8,0.5,0.1,0.0,0.25,0.418,0.452,0.434,0.392,0.354,0.278,0.25,23.7,15.2,0.641
25,2025,regular,40,42,82,19.9,25.1,5.5,90.1,40.9,25.2,19.3,48.2,22.0,115.5,46.0,8.3,17.3,5.7,31.9,42.2,14.5,14.1,0.512,0.453,0.765,18,18,0.343,1,17,23,7,10,26,9,12,14,1,17,6,18,30,27,17,3,7,2,-0.3,18,29,24,28,19,40,42,82,3951,0.488,101.63,8370,0.512,1.46,103.6,18,0.57,18,0.616,0.534,1,0.517,0.688,14,0.354,20,17.3,9,113.5,-0.4,113.1,84.69,0.169,18,30,22,18,111.7,-1.1,110.6,22,7,21,4,30,12,19,21,30,40,42,82,48.2,0.512,18,18,1,14,0.119,0.167,18,0.499,0.829,0.616,0.531,0.469,0.457,0.376,0.501,0.171,0.384,0.419,0.038,24,11,0.166,24,22,18,28,3,28,6,7,9,13,20,27,7,40,42,82,5.5,48.2,8.3,31.9,0.512,18,18,1,7,0.688,14,18,17,113.5,16.6,18,21,50.6,12,25,21.4,15.0,15,30,14,40,42,82,48.2,0.512,18,22.0,18,1,26.4,5.7,89.3,42.0,24.3,19.2,19.9,115.8,43.0,10.8,15.6,14,5.5,31.0,35.0,12.5,12.0,0.471,0.79,0.3,18,0.358,30,13,27,17,16,22,23,13,16,11,30,7,7,8,5,6,26,16,21,19,15,10.8,3.6,0,0,5.8,2.2,0.338,0.0,0.38,5.2,1.9,5.6,1.7,28.6,19.0,0.369,31.5,10.8,0.309,0.664,0.344,13.4,5.2,0.384,0,0,7.9,2.8,3.9,1.5,3.0,1.2,16.5,5.9,26.3,8.9,0.5,0.1,0.0,0.0,0.333,0.358,0.384,0.394,0.36,0.336,0.184,0.0,32.0,20.4,0.64
26,2025,regular,60,22,82,19.7,25.5,4.5,89.0,41.6,22.8,17.6,48.2,18.3,111.0,42.3,8.0,14.3,4.7,30.8,30.2,10.3,11.5,0.268,0.467,0.772,26,26,0.34,1,15,20,20,20,20,19,21,14,28,28,22,20,13,14,28,30,30,13,-10.0,26,18,21,29,29,60,22,82,3951,0.455,100.12,8233,0.268,1.78,101.8,26,0.56,26,0.615,0.525,1,0.487,0.685,14,0.298,28,18.2,17,120.3,-9.7,110.6,83.43,0.143,26,19,29,20,118.0,-9.0,109.0,29,25,23,17,21,28,28,26,15,60,22,82,48.2,0.268,26,26,1,14,0.123,0.159,26,0.538,0.849,0.615,0.661,0.339,0.564,0.278,0.462,0.151,0.385,0.456,0.107,20,16,0.148,15,18,20,1,30,1,30,16,13,11,6,1,21,60,22,82,4.5,48.2,8.0,30.8,0.268,26,26,1,20,0.685,14,20,28,120.3,15.4,26,23,52.6,28,16,18.2,16.0,23,18,26,60,22,82,48.2,0.268,26,18.3,26,1,28.0,4.7,89.0,44.0,24.4,19.2,19.7,121.0,43.9,8.7,14.0,14,4.5,32.8,36.5,13.8,11.1,0.494,0.789,10.0,26,0.379,3,24,14,15,24,23,24,16,27,17,19,20,20,16,14,20,10,29,19,29,29,7.4,2.6,0,0,14.3,6.0,0.354,0.0,0.417,4.2,1.5,3.2,1.1,20.1,14.0,0.369,22.8,7.7,0.335,0.695,0.336,24.4,11.4,0.465,0,0,14.7,6.8,10.4,4.4,7.1,2.8,11.7,4.3,19.6,6.5,0.7,0.2,0.0,0.0,0.0,0.467,0.427,0.394,0.369,0.333,0.275,1.0,24.9,16.5,0.66
27,2025,regular,20,62,82,18.9,28.1,5.5,89.9,43.4,24.6,19.3,48.1,20.2,119.8,47.0,7.5,13.5,4.6,35.6,37.9,13.6,11.4,0.756,0.483,0.787,2,2,0.359,1,4,9,8,13,4,13,11,26,12,3,2,25,4,11,1,14,16,14,8.3,2,6,12,15,2,20,62,82,3946,0.542,100.72,8275,0.756,2.09,102.5,2,0.595,2,0.646,0.559,1,0.521,0.724,26,0.306,3,19.5,12,110.4,8.4,118.7,83.93,0.133,2,5,5,13,108.5,8.1,116.6,7,6,1,10,7,3,3,3,5,20,62,82,48.1,0.756,2,2,1,26,0.136,0.161,2,0.521,0.92,0.646,0.578,0.422,0.498,0.341,0.479,0.08,0.354,0.435,0.062,10,13,0.142,17,3,13,16,15,12,18,14,28,18,13,17,22,20,62,82,5.5,48.1,7.5,35.6,0.756,2,2,1,8,0.724,26,25,1,110.4,12.8,2,1,46.3,3,3,15.3,13.7,7,3,4,20,62,82,48.1,0.756,2,20.2,2,1,26.2,4.6,91.1,41.0,20.8,16.4,18.9,111.5,42.6,7.7,13.0,26,5.5,32.1,36.9,13.0,10.4,0.451,0.79,-8.3,2,0.352,18,12,11,23,10,2,3,27,8,8,5,26,8,14,17,15,4,4,20,2,8,12.4,4.8,0,0,8.6,3.7,0.39,0.0,0.436,6.0,2.3,6.4,2.5,28.0,19.0,0.382,25.5,8.8,0.398,0.679,0.344,15.4,7.0,0.459,0,0,9.5,4.5,6.7,3.0,4.3,1.8,16.6,6.5,21.5,7.2,0.3,0.1,0.1,0.0,0.333,0.471,0.446,0.424,0.391,0.336,0.316,0.667,30.9,20.3,0.658
28,2025,regular,36,46,82,20.9,29.5,4.8,88.4,42.6,23.4,18.0,48.2,19.8,114.6,42.1,8.8,13.7,5.0,31.2,32.1,11.4,10.9,0.561,0.482,0.769,11,11,0.354,1,23,3,15,24,10,15,17,13,19,21,24,11,8,19,23,26,26,21,2.8,11,7,22,21,11,36,46,82,3956,0.522,99.22,8177,0.561,2.16,101.0,11,0.581,11,0.692,0.546,1,0.496,0.693,13,0.3,8,20.5,21,112.1,2.9,115.0,82.68,0.137,11,2,15,3,110.0,2.9,113.0,16,15,16,16,1,5,11,15,7,36,46,82,48.2,0.561,11,11,1,13,0.165,0.157,11,0.6,0.942,0.692,0.637,0.363,0.545,0.297,0.4,0.058,0.308,0.464,0.081,1,18,0.174,2,1,3,6,25,4,26,29,30,28,3,6,5,36,46,82,4.8,48.2,8.8,31.2,0.561,11,11,1,15,0.693,13,11,23,112.1,12.5,11,16,48.0,5,2,16.3,14.3,8,4,7,36,46,82,48.2,0.561,11,19.8,11,1,24.5,5.0,85.9,40.1,24.0,19.0,20.9,111.8,42.9,7.8,16.1,13,4.8,31.9,35.9,12.5,11.0,0.467,0.793,-2.8,11,0.349,12,2,19,5,5,19,21,7,9,10,6,4,15,12,10,8,8,11,23,11,4,9.0,3.5,0,0,10.6,4.6,0.389,0.0,0.438,4.5,1.9,4.5,1.6,26.7,18.2,0.409,23.1,7.9,0.37,0.683,0.34,19.0,8.4,0.442,0,0,11.1,4.6,9.8,4.4,5.3,2.4,12.1,4.7,20.7,6.9,0.4,0.1,0.0,0.0,0.0,0.419,0.454,0.451,0.39,0.335,0.321,0.5,29.1,19.4,0.666
29,2025,regular,60,22,82,21.1,29.6,3.8,91.1,42.5,25.3,19.9,48.4,20.3,117.6,43.8,8.9,15.5,5.8,31.8,36.7,12.6,12.0,0.268,0.467,0.786,26,26,0.345,1,27,2,30,3,12,8,8,6,10,9,16,8,26,30,20,18,20,9,-8.4,26,17,13,25,27,60,22,82,3966,0.464,103.54,8558,0.268,1.91,104.9,26,0.575,26,0.696,0.536,1,0.492,0.693,6,0.298,27,19.9,2,120.8,-8.2,112.7,86.28,0.149,26,10,20,2,119.3,-8.0,111.2,20,19,17,18,5,29,27,22,22,60,22,82,48.4,0.268,26,26,1,6,0.15,0.169,26,0.618,0.882,0.696,0.598,0.402,0.509,0.322,0.382,0.118,0.304,0.449,0.06,6,10,0.153,1,10,2,10,21,9,21,30,21,29,9,18,19,60,22,82,3.8,48.4,8.9,31.8,0.268,26,26,1,30,0.693,6,8,20,120.8,18.2,26,17,52.5,29,30,20.3,16.0,22,28,25,60,22,82,48.4,0.268,26,20.3,26,1,30.7,5.8,91.2,45.0,26.6,20.7,21.1,126.0,45.7,9.3,14.6,6,3.8,33.9,41.1,15.3,11.8,0.494,0.777,8.4,26,0.372,20,30,30,24,30,28,28,4,30,23,28,15,30,23,30,30,23,28,11,27,27,10.5,4.0,0,0,9.0,3.5,0.382,0.0,0.391,5.7,2.2,4.9,1.8,23.5,15.8,0.384,26.1,8.6,0.379,0.672,0.329,21.9,10.6,0.484,0,0,13.5,6.3,6.9,3.0,4.4,1.8,16.6,6.0,21.0,6.9,0.3,0.1,0.0,0.0,0.0,0.468,0.44,0.401,0.364,0.331,0.24,0.0,28.5,18.4,0.646
30,2025,regular,65,17,82,21.3,25.0,5.5,90.4,41.8,21.2,16.2,48.2,17.9,112.9,41.9,8.0,15.7,5.4,30.9,36.4,13.0,11.0,0.207,0.463,0.766,30,30,0.359,1,29,25,5,7,18,26,27,25,29,25,26,21,27,25,27,19,19,18,-12.0,30,22,23,16,30,65,17,82,3951,0.433,102.49,8442,0.207,1.6,104.0,30,0.566,30,0.599,0.535,1,0.471,0.664,25,0.285,30,17.6,6,121.5,-11.8,109.7,85.41,0.152,30,28,27,24,119.6,-11.4,108.2,21,30,29,23,27,30,30,29,24,65,17,82,48.2,0.207,30,30,1,25,0.128,0.144,30,0.5,0.817,0.599,0.597,0.403,0.509,0.347,0.5,0.183,0.401,0.422,0.087,16,26,0.142,22,24,24,11,20,8,17,9,7,7,19,2,23,65,17,82,5.5,48.2,8.0,30.9,0.207,30,30,1,5,0.664,25,21,27,121.5,17.7,30,29,55.7,30,29,20.4,17.3,28,29,29,65,17,82,48.2,0.207,30,17.9,30,1,29.4,5.4,92.0,44.9,26.8,21.4,21.3,124.9,47.8,9.7,13.8,25,5.5,34.7,37.2,13.7,13.1,0.488,0.797,12.0,30,0.368,2,29,25,27,29,29,29,2,29,30,29,21,5,27,18,19,30,26,27,30,24,8.0,3.1,0,0,11.5,4.9,0.393,0.0,0.429,4.1,1.6,3.9,1.6,24.7,16.9,0.387,28.4,9.9,0.399,0.682,0.349,17.8,7.0,0.392,0,0,11.1,4.1,8.0,3.6,6.0,2.7,11.7,4.5,24.3,8.5,1.6,0.5,0.0,0.0,0.0,0.368,0.449,0.456,0.385,0.351,0.298,0.0,27.7,17.9,0.648
